Map,Splash,Minimap,Banniere
Abyss,https://media.valorant-api.com/maps/224b0a95-48b9-f703-1bd8-67aca101a61f/splash.png,https://media.valorant-api.com/maps/224b0a95-48b9-f703-1bd8-67aca101a61f/displayicon.png,https://media.valorant-api.com/maps/224b0a95-48b9-f703-1bd8-67aca101a61f/listviewicon.png
Ascent,https://media.valorant-api.com/maps/7eaecc1b-4337-bbf6-6ab9-04b8f06b3319/splash.png,https://media.valorant-api.com/maps/7eaecc1b-4337-bbf6-6ab9-04b8f06b3319/displayicon.png,https://media.valorant-api.com/maps/7eaecc1b-4337-bbf6-6ab9-04b8f06b3319/listviewicon.png
Bind,https://media.valorant-api.com/maps/2c9d57ec-4431-9c5e-2939-8f9ef6dd5cba/splash.png,https://media.valorant-api.com/maps/2c9d57ec-4431-9c5e-2939-8f9ef6dd5cba/displayicon.png,https://media.valorant-api.com/maps/2c9d57ec-4431-9c5e-2939-8f9ef6dd5cba/listviewicon.png
Breeze,https://media.valorant-api.com/maps/2fb9a4fd-47b8-4e7d-a969-74b4046ebd53/splash.png,https://media.valorant-api.com/maps/2fb9a4fd-47b8-4e7d-a969-74b4046ebd53/displayicon.png,https://media.valorant-api.com/maps/2fb9a4fd-47b8-4e7d-a969-74b4046ebd53/listviewicon.png
Corrode,https://media.valorant-api.com/maps/1c18ab1f-420d-0d8b-71d0-77ad3c439115/splash.png,https://media.valorant-api.com/maps/1c18ab1f-420d-0d8b-71d0-77ad3c439115/displayicon.png,https://media.valorant-api.com/maps/1c18ab1f-420d-0d8b-71d0-77ad3c439115/listviewicon.png
Fracture,https://media.valorant-api.com/maps/b529448b-4d60-346e-e89e-00a4c527a405/splash.png,https://media.valorant-api.com/maps/b529448b-4d60-346e-e89e-00a4c527a405/displayicon.png,https://media.valorant-api.com/maps/b529448b-4d60-346e-e89e-00a4c527a405/listviewicon.png
Haven,https://media.valorant-api.com/maps/2bee0dc9-4ffe-519b-1cbd-7fbe763a6047/splash.png,https://media.valorant-api.com/maps/2bee0dc9-4ffe-519b-1cbd-7fbe763a6047/displayicon.png,https://media.valorant-api.com/maps/2bee0dc9-4ffe-519b-1cbd-7fbe763a6047/listviewicon.png
Icebox,https://media.valorant-api.com/maps/e2ad5c54-4114-a870-9641-8ea21279579a/splash.png,https://media.valorant-api.com/maps/e2ad5c54-4114-a870-9641-8ea21279579a/displayicon.png,https://media.valorant-api.com/maps/e2ad5c54-4114-a870-9641-8ea21279579a/listviewicon.png
Lotus,https://media.valorant-api.com/maps/2fe4ed3a-450a-948b-6d6b-e89a78e680a9/splash.png,https://media.valorant-api.com/maps/2fe4ed3a-450a-948b-6d6b-e89a78e680a9/displayicon.png,https://media.valorant-api.com/maps/2fe4ed3a-450a-948b-6d6b-e89a78e680a9/listviewicon.png
Pearl,https://media.valorant-api.com/maps/fd267378-4d1d-484f-ff52-77821ed10dc2/splash.png,https://media.valorant-api.com/maps/fd267378-4d1d-484f-ff52-77821ed10dc2/displayicon.png,https://media.valorant-api.com/maps/fd267378-4d1d-484f-ff52-77821ed10dc2/listviewicon.png
Split,https://media.valorant-api.com/maps/d960549e-485c-e861-8d71-aa9d1aed12a2/splash.png,https://media.valorant-api.com/maps/d960549e-485c-e861-8d71-aa9d1aed12a2/displayicon.png,https://media.valorant-api.com/maps/d960549e-485c-e861-8d71-aa9d1aed12a2/listviewicon.png
Sunset,https://media.valorant-api.com/maps/92584fbe-486a-b1b2-9faa-39b0f486b498/splash.png,https://media.valorant-api.com/maps/92584fbe-486a-b1b2-9faa-39b0f486b498/displayicon.png,https://media.valorant-api.com/maps/92584fbe-486a-b1b2-9faa-39b0f486b498/listviewicon.png
